Fullname,Lower Case,Separate,,,NiceName
Giselle Corbie-Smith,giselle corbie-smith,giselle,corbie-smith,,giselle-corbie-smith
Malika Roman Isler,malika roman isler,malika,roman,isler,malika-roman-isler
Bahby Banks,bahby banks,bahby,banks,,bahby-banks
L Perreras,l perreras,l,perreras,,l-perreras
Melvin Muhammad,melvin muhammad,melvin,muhammad,,melvin-muhammad
Donald Parker,donald parker,donald,parker,,donald-parker
Laurel Trantham,laurel trantham,laurel,trantham,,laurel-trantham
William Carpenter,william carpenter,william,carpenter,,william-carpenter
Lisa DiMartino,lisa dimartino,lisa,dimartino,,lisa-dimartino
Brandolyn White,brandolyn white,brandolyn,white,,brandolyn-white
Melissa Green,melissa green,melissa,green,,melissa-green
Randall Teal,randall teal,randall,teal,,randall-teal
Paul Godley,paul godley,paul,godley,,paul-godley
Catherine L Rohweder,catherine l rohweder,catherine,l,rohweder,catherine-l-rohweder
Jane L Laping,jane l laping,jane,l,laping,jane-l-laping
Sandra Diehl,sandra diehl,sandra,diehl,,sandra-diehl
Alexis A Moore,alexis a moore,alexis,a,moore,alexis-a-moore
Jennifer E Scott,jennifer e scott,jennifer,e,scott,jennifer-e-scott
Zoe K Enga,zoe k enga,zoe,k,enga,zoe-k-enga
Molly C Black,molly c black,molly,c,black,molly-c-black
Gaurav Dave,gaurav dave,gaurav,dave,,gaurav-dave
Cathy L Melvin,cathy l melvin,cathy,l,melvin,cathy-l-melvin
Margo Michaels,margo michaels,margo,michaels,,margo-michaels
Natasha  Blakeney,natasha  blakeney,natasha,blakeney,,natasha-blakeney
Adebowale A Odulana,adebowale a odulana,adebowale,a,odulana,adebowale-a-odulana
Alan Richmond,alan richmond,alan,richmond,,alan-richmond
Debra G Long,debra g long,debra,g,long,debra-g-long
William S Robinson,william s robinson,william,s,robinson,william-s-robinson
Yhenneko J Taylor,yhenneko j taylor,yhenneko,j,taylor,yhenneko-j-taylor
Mimi Kim,mimi kim,mimi,kim,,mimi-kim
April Durr,april durr,april,durr,,april-durr
Mysha Wynn,mysha wynn,mysha,wynn,,mysha-wynn
Bryan J Weiner,bryan j weiner,bryan,j,weiner,bryan-j-weiner
TD Ritchwood,td ritchwood,td,ritchwood,,td-ritchwood
C Peasant,c peasant,c,peasant,,c-peasant
TW Powell,tw powell,tw,powell,,tw-powell
T Taggart,t taggart,t,taggart,,t-taggart
Aletha Y Akers,aletha y akers,aletha,y,akers,aletha-y-akers
Tashuna Albritton,tashuna albritton,tashuna,albritton,,tashuna-albritton
Stepheria Hodge-Sallah,stepheria hodge-sallah,stepheria,hodge-sallah,,stepheria-hodge-sallah
Connie Blumenthal,connie blumenthal,connie,blumenthal,,connie-blumenthal
Sarah O'Brien,sarah o'brien,sarah,o'brien,,sarah-o'brien
Barbara Council,barbara council,barbara,council,,barbara-council
LeRon C Jackson,leron c jackson,leron,c,jackson,leron-c-jackson
Laura C Hanson,laura c hanson,laura,c,hanson,laura-c-hanson
Michelle  Hayes,michelle  hayes,michelle,hayes,,michelle-hayes
Stacie Peacock,stacie peacock,stacie,peacock,,stacie-peacock
Justin Lucas,justin lucas,justin,lucas,,justin-lucas
Tonya Armstrong,tonya armstrong,tonya,armstrong,,tonya-armstrong
Sharon  Elliot-Bynum,sharon  elliot-bynum,sharon,elliot-bynum,,sharon-elliot-bynum
Moses Goldmon,moses goldmon,moses,goldmon,,moses-goldmon
Anh N Tran,anh n tran,anh,n,tran,anh-n-tran
India J  Ornelas,india j  ornelas,india,j,ornelas,india-j-ornelas
Georgina  Perez,georgina  perez,georgina,perez,,georgina-perez
Michelle J Lyn,michelle j lyn,michelle,j,lyn,michelle-j-lyn
Crystal W Cen¨¦,crystal w cen¨¦,crystal,w,cen¨¦,crystal-w-cen¨¦
Laura B Haymore,laura b haymore,laura,b,haymore,laura-b-haymore
Feng-Chang Lin,feng-chang lin,feng-chang,lin,,feng-chang-lin
Jeffrey  Laux,jeffrey  laux,jeffrey,laux,,jeffrey-laux
Christine D  Jones,christine d  jones,christine,d,jones,christine-d-jones
Jia-Rong Wu,jia-rong wu,jia-rong,wu,,jia-rong-wu
Darren DeWalt,darren dewalt,darren,dewalt,,darren-dewalt
Mike Pignone,mike pignone,mike,pignone,,mike-pignone
Daniel L Howard,daniel l howard,daniel,l,howard,daniel-l-howard
Sergio Aguilar-Gaxiola,sergio aguilar-gaxiola,sergio,aguilar-gaxiola,,sergio-aguilar-gaxiola
Syed Ahmed,syed ahmed,syed,ahmed,,syed-ahmed
Zeno Franco,zeno franco,zeno,franco,,zeno-franco
Anne Kissack,anne kissack,anne,kissack,,anne-kissack
Davera Gabriel,davera gabriel,davera,gabriel,,davera-gabriel
Thelma Hurd,thelma hurd,thelma,hurd,,thelma-hurd
Linda Ziegahn,linda ziegahn,linda,ziegahn,,linda-ziegahn
Nancy J Bates,nancy j bates,nancy,j,bates,nancy-j-bates
Karen Calhoun,karen calhoun,karen,calhoun,,karen-calhoun
Lori Carter-Edwards,lori carter-edwards,lori,carter-edwards,,lori-carter-edwards
"Milton ""Mickey"" Eder","milton ""mickey"" eder",milton,mickey,eder,milton-mickey-eder
Carol Ferrans,carol ferrans,carol,ferrans,,carol-ferrans
Karen Hacker,karen hacker,karen,hacker,,karen-hacker
Bernice B Rumala,bernice b rumala,bernice,b,rumala,bernice-b-rumala
A. Hal Strelnick,a. hal strelnick,a.,hal,strelnick,a.-hal-strelnick
Nina Wallerstein,nina wallerstein,nina,wallerstein,,nina-wallerstein
AF Dalton,af dalton,af,dalton,,af-dalton
S Cykert,s cykert,s,cykert,,s-cykert
S Peggye Dilworth-Anderson,s peggye dilworth-anderson,s,peggye,dilworth-anderson,s-peggye-dilworth-anderson
FR McGuire,fr mcguire,fr,mcguire,,fr-mcguire
MH Monroe,mh monroe,mh,monroe,,mh-monroe
P Walker,p walker,p,walker,,p-walker
LJ Edwards,lj edwards,lj,edwards,,lj-edwards
AJ Bunton,aj bunton,aj,bunton,,aj-bunton
Pamela Della Valle,pamela della valle,pamela,della,valle,pamela-della-valle
Sarah Paraghamian,sarah paraghamian,sarah,paraghamian,,sarah-paraghamian
Rachel Page,rachel page,rachel,page,,rachel-page
Janet Ochoa,janet ochoa,janet,ochoa,,janet-ochoa
Fabiana Palomo,fabiana palomo,fabiana,palomo,,fabiana-palomo
Emilia Suarez,emilia suarez,emilia,suarez,,emilia-suarez
Angela Thrasher,angela thrasher,angela,thrasher,,angela-thrasher
Jo Anne Earp,jo anne earp,jo,anne,earp,jo-anne-earp
Danny F. Ellis,danny f. ellis,danny,f.,ellis,danny-f.-ellis
Shaketa Whitaker,shaketa whitaker,shaketa,whitaker,,shaketa-whitaker
Stacey Henderson,stacey henderson,stacey,henderson,,stacey-henderson
Karey Sutton,karey sutton,karey,sutton,,karey-sutton
R. Jean Cadigan,r. jean cadigan,r.,jean,cadigan,r.-jean-cadigan
Steven Warnock,steven warnock,steven,warnock,,steven-warnock
Kristin Z Black,kristin z black,kristin,z,black,kristin-z-black
Chrstina Y Hardy,chrstina y hardy,chrstina,y,hardy,chrstina-y-hardy
Molly  De Marco,molly  de marco,molly,de,marco,molly-de-marco
Alice S Ammerman,alice s ammerman,alice,s,ammerman,alice-s-ammerman
Eugenia Eng,eugenia eng,eugenia,eng,,eugenia-eng
Barbara Harris,barbara harris,barbara,harris,,barbara-harris
Melvin Jackson,melvin jackson,melvin,jackson,,melvin-jackson
Jimmy Jean-Baptiste,jimmy jean-baptiste,jimmy,jean-baptiste,,jimmy-jean-baptiste
William Kearney,william kearney,william,kearney,,william-kearney
Mac Legerton,mac legerton,mac,legerton,,mac-legerton
Alexandra Lightfoot,alexandra lightfoot,alexandra,lightfoot,,alexandra-lightfoot
Ebun Odenye,ebun odenye,ebun,odenye,,ebun-odenye
Margaret S Miles,margaret s miles,margaret,s,miles,margaret-s-miles
Shiriki K Kumanyika,shiriki k kumanyika,shiriki,k,kumanyika,shiriki-k-kumanyika
Charlotte A Pratt,charlotte a pratt,charlotte,a,pratt,charlotte-a-pratt
Cheryl  Nelson,cheryl  nelson,cheryl,nelson,,cheryl-nelson
Evelyn R Walker,evelyn r walker,evelyn,r,walker,evelyn-r-walker
Guadalupe X Ayala,guadalupe x ayala,guadalupe,x,ayala,guadalupe-x-ayala
Lyle G Best,lyle g best,lyle,g,best,lyle-g-best
Andrea L Cherrington,andrea l cherrington,andrea,l,cherrington,andrea-l-cherrington
Christina D Economos,christina d economos,christina,d,economos,christina-d-economos
Lawrence W Green,lawrence w green,lawrence,w,green,lawrence-w-green
Jane Harman,jane harman,jane,harman,,jane-harman
Steven P. Hooker,steven p. hooker,steven,p.,hooker,steven-p.-hooker
David M Murray,david m murray,david,m,murray,david-m-murray
Michael G Perri,michael g perri,michael,g,perri,michael-g-perri
Thomas C Ricketts,thomas c ricketts,thomas,c,ricketts,thomas-c-ricketts
Sharrelle Barber,sharrelle barber,sharrelle,barber,,sharrelle-barber
Diane Dolan-Soto,diane dolan-soto,diane,dolan-soto,,diane-dolan-soto
Angela R Bryant,angela r bryant,angela,r,bryant,angela-r-bryant
Deborah J Walker,deborah j walker,deborah,j,walker,deborah-j-walker
Dana Courtney,dana courtney,dana,courtney,,dana-courtney
Ada Admiora,ada admiora,ada,admiora,,ada-admiora
Bonnie Jones,bonnie jones,bonnie,jones,,bonnie-jones
Debi Nelson,debi nelson,debi,nelson,,debi-nelson
Lisa Harrison,lisa harrison,lisa,harrison,,lisa-harrison
Brenda Motsinger,brenda motsinger,brenda,motsinger,,brenda-motsinger
Laura Loehr,laura loehr,laura,loehr,,laura-loehr
Wizdom P Hammond,wizdom p hammond,wizdom,p,hammond,wizdom-p-hammond
Randi E  Foraker,randi e  foraker,randi,e,foraker,randi-e-foraker
Kathryn Rose,kathryn rose,kathryn,rose,,kathryn-rose
Thomas Mosley,thomas mosley,thomas,mosley,,thomas-mosley
Leah Frerichs,leah frerichs,leah,frerichs,,leah-frerichs
